entity_id,station_name,state,region,hydrologic_unit_code,latitude,longitude,drainage_area,major_hydro_basin,hydro_relevant
USGS-01184000,"CONNECTICUT RIVER AT THOMPSONVILLE, CT",Connecticut,Northeast/Mid-Atlantic,010802050105,41.987204616172,-72.6053482565335,9660.0,Connecticut,true
USGS-01358000,HUDSON RIVER AT GREEN ISLAND NY,New York,Northeast/Mid-Atlantic,020200031107,42.75225,-73.68908333333334,8090.0,Hudson,true
USGS-01434000,DELAWARE RIVER AT PORT JERVIS NY,Pennsylvania,Northeast/Mid-Atlantic,020401040505,41.3705833333333,-74.6971388888889,3076.0,Delaware,true
USGS-01536500,"Susquehanna River at Wilkes-Barre, PA",Pennsylvania,Northeast/Mid-Atlantic,020501070205,41.2509149094563,-75.8807518498684,9960.0,Susquehanna,true
USGS-01570500,"Susquehanna River at Harrisburg, PA",Pennsylvania,Northeast/Mid-Atlantic,020503051011,40.25473717139125,-76.8860537753772,24100.0,Susquehanna,true
USGS-01578310,"SUSQUEHANNA RIVER AT CONOWINGO, MD",Maryland,Northeast/Mid-Atlantic,020503061713,39.657888888888884,-76.17444444444445,27100.0,Susquehanna,true
USGS-01646500,"POTOMAC RIVER NEAR WASH, DC LITTLE FALLS PUMP STA",Maryland,Northeast/Mid-Atlantic,020700081005,38.949777777777776,-77.12763888888888,11560.0,Potomac,true
USGS-02047500,"BLACKWATER RIVER NEAR DENDRON, VA",Virginia,Gulf Coast/Southeast,030102020301,37.0251499264414,-76.8746824342095,290.0,,true
USGS-02198500,"SAVANNAH RIVER NEAR CLYO, GA",Georgia,Gulf Coast/Southeast,03060109,32.5285555555556,-81.2683333333333,9850.0,Savannah,true
USGS-02231000,"ST. MARYS RIVER NEAR MACCLENNY, FL",Florida,Gulf Coast/Southeast,030702040503,30.3588472635457,-82.081501344355,700.0,St. Marys,true
USGS-02314500,"SUWANNEE RIVER AT US 441, AT FARGO, GA",Georgia,Gulf Coast/Southeast,03110201,30.6810277777778,-82.5601388888889,1130.0,Suwannee,true
USGS-02358000,APALACHICOLA RIVER AT CHATTAHOOCHEE FLA,Florida,Gulf Coast/Southeast,031300110203,30.7010251115745,-84.859087148258,17200.0,Apalachicola,true
USGS-02479000,"PASCAGOULA RIVER AT MERRILL, MS",Mississippi,Gulf Coast/Southeast,031700060102,30.9780555555556,-88.7269444444444,6590.0,Pascagoula,true
USGS-03161000,"SOUTH FORK NEW RIVER NEAR JEFFERSON, NC",North Carolina,Gulf Coast/Southeast,05050001,36.3933333333333,-81.4069444444444,205.0,New,true
USGS-03219500,Scioto River near Prospect OH,Ohio,Mississippi basin,050600010505,40.4195041983232,-83.1971372128487,567.0,Scioto,true
USGS-03294500,"OHIO RIVER AT LOUISVILLE, KY",Kentucky,Mississippi basin,05140101,38.2803473627806,-85.7991305041063,91170.0,Ohio,true
USGS-03612000,"CACHE RIVER AT FORMAN, IL",Illinois,Mississippi basin,051402060508,37.335,-88.9252777777778,244.0,,true
USGS-05331000,"MISSISSIPPI RIVER AT ST. PAUL, MN",Minnesota,Upper Midwest/Missouri,070102060805,44.9444444444444,-93.0881111111111,36800.0,Mississippi,true
USGS-05474000,"Skunk River at Augusta, IA",Iowa,Upper Midwest/Missouri,070801071006,40.75365,-91.2770888888889,4312.0,,true
USGS-05587450,"Mississippi River at Grafton, IL",Illinois,Mississippi basin,071100090401,38.9679722222222,-90.429,171300.0,Mississippi,true
USGS-06478500,"JAMES RIVER NEAR SCOTLAND, SD",South Dakota,Upper Midwest/Missouri,101600111805,43.185833,-97.635278,20672.0,James,true
USGS-06486000,"Missouri River at Sioux City, IA",Nebraska,Upper Midwest/Missouri,102300010305,42.4861944444444,-96.4130833333333,314600.0,Missouri,true
USGS-06610000,"Missouri River at Omaha, NE",Nebraska,Upper Midwest/Missouri,102300060602,41.2590555555556,-95.92325,322800.0,Missouri,true
USGS-06800500,"Elkhorn River at Waterloo, Nebr.",Nebraska,Upper Midwest/Missouri,102200031006,41.293333,-96.283889,6900.0,,true
USGS-06934500,"Missouri River at Hermann, MO",Missouri,Upper Midwest/Missouri,103002000301,38.7098055555556,-91.4385,522500.0,Missouri,true
USGS-07010000,"Mississippi River at St. Louis, MO",Missouri,Mississippi basin,071401010403,38.629,-90.1797777777778,697000.0,Mississippi,true
USGS-07058000,"Bryant Creek near Tecumseh, MO",Missouri,Mississippi basin,110100060405,36.6272222222222,-92.3060555555556,570.0,,true
USGS-07338500,"Little River blw Lukfata Creek, nr Idabel, OK",Oklahoma,Mississippi basin,111401070409,33.9412209387845,-94.7585481753819,1228.0,,true
USGS-08279500,"RIO GRANDE AT EMBUDO, NM",New Mexico,Great Basin/Southwest,130201011104,36.2055555555556,-105.963972222222,10400.0,Rio Grande,true
USGS-09070500,"COLORADO RIVER NEAR DOTSERO, CO",Colorado,Colorado River basin,140100011508,39.6446111111111,-107.078013888889,4390.0,Colorado,true
USGS-09180500,"COLORADO RIVER NEAR CISCO, UT",Utah,Colorado River basin,140300050302,38.8105409546215,-109.293449329319,24100.0,Colorado,true
USGS-09315000,"GREEN RIVER AT GREEN RIVER, UT",Utah,Colorado River basin,140600080208,38.98886944444445,-110.15035555555556,44850.0,Green,true
USGS-09380000,"COLORADO RIVER AT LEES FERRY, AZ",Arizona,Colorado River basin,140700061105,36.864333333333335,-111.58787222222222,111800.0,Colorado,true
USGS-09510000,"VERDE RIVER BELOW BARTLETT DAM, AZ",Arizona,Colorado River basin,150602030702,33.8083750910856,-111.663472896034,6161.0,Verde,true
USGS-09512500,"AGUA FRIA RIVER NEAR MAYER, AZ",Arizona,Colorado River basin,150701020408,34.31505,-112.06389166666666,585.0,,true
USGS-10109000,"LOGAN RIVER ABOVE STATE DAM, NEAR LOGAN, UT",Utah,Great Basin/Southwest,160102030307,41.74355,-111.783980555556,214.0,,true
USGS-10310000,"W FK CARSON RV AT WOODFORDS, CA",California,Great Basin/Southwest,160502010304,38.7696276507815,-119.833789081103,65.4,Carson,true
USGS-10338000,TRUCKEE R NR TRUCKEE CA,California,Great Basin/Southwest,160501020202,39.29627044448282,-120.205451874931,553.0,Truckee,true
USGS-10346000,TRUCKEE R A FARAD CA,California,Great Basin/Southwest,160501020502,39.4279364784483,-120.03406024068215,932.0,Truckee,true
USGS-11251000,SAN JOAQUIN R BL FRIANT CA,California,California,180400010302,36.9843939698554,-119.724312421627,1676.0,San Joaquin,true
USGS-11383500,DEER C NR VINA CA,California,California,180201570206,40.014021434336385,-121.9482871705239,208.0,,true
USGS-11425500,SACRAMENTO R A VERONA CA,California,California,180201610402,38.774322583790116,-121.59825928205096,21251.0,Sacramento,true
USGS-11467000,RUSSIAN R A HACIENDA BRIDGE NR GUERNEVILLE CA,California,California,180101100903,38.508482040255636,-122.9277345330354,1338.0,Russian,true
USGS-11478500,VAN DUZEN R NR BRIDGEVILLE CA,California,California,180101050905,40.48038503009366,-123.89084613017269,222.0,,true
USGS-11522500,SALMON R A SOMES BAR CA,California,California,180102100404,41.37648796100991,-123.47696148645007,751.0,Salmon,true
USGS-12010000,"NASELLE RIVER NEAR NASELLE, WA",Washington,Pacific Northwest,171001060502,46.3739937011528,-123.743482000849,54.8,,true
USGS-12101500,"PUYALLUP RIVER AT PUYALLUP, WA",Washington,Pacific Northwest,171100140502,47.208433578519,-122.327065234431,948.0,Puyallup,true
USGS-12113000,"GREEN RIVER NEAR AUBURN, WA",Washington,Pacific Northwest,171100130304,47.3123228109699,-122.204008194294,399.0,,true
USGS-12194000,"SKAGIT RIVER NEAR CONCRETE, WA",Washington,Pacific Northwest,171100070104,48.5242805851056,-121.770974074114,2737.0,Skagit,true
USGS-13269000,SNAKE RIVER AT WEISER ID,Idaho,Pacific Northwest,170502010106,44.2455555555556,-116.980833333333,69200.0,Snake,true
USGS-13336500,SELWAY RIVER NR LOWELL ID,Idaho,Pacific Northwest,170603020403,46.0866666666667,-115.513888888889,1915.0,Selway,true
USGS-14105700,"COLUMBIA RIVER AT THE DALLES, OR",Oregon,Pacific Northwest,170701050406,45.6082777777778,-121.189916666667,237000.0,Columbia,true
